Employee ID,Age,Gender,Department,Job Role,Years At Company,Monthly Salary,Attrition
E1001,28,Female,HR,Recruiter,24,155352,No
E1076,35,Female,sales,Sales Executive,34,49173,No
E0335,39,Male,Marketing,Marketing Executive,12,148631,Yes
E0254,55,Female,Sales,Sales Executive,35,58706,Unknown
E1174,42,Female,Operations,Operations Executive,21,97572,Yes
E0657,55,Unkown,Marketing,Marketing Executive,28,151955,No
E0601,39,Female,Sales,Sales Executive,20,97580,No
E0977,35,Unkown,Marketing,Marketing Executive,12,34925,No
E0798,23,Male,Marketing,Marketing Executive,27,122151,No
E0545,39,Male,Sales,Sales Executive,32,126006,No
E1091,55,Unkown,Sales,Sales Executive,13,76338,Yes
E0681,60,Unkown,Human Resources,Recruiter,10,149240,N
E0891,31,Unkown,Finance,Financial Analyst,6,92945,No
E0447,60,Female,IT,System Admin,7,85624,Yes
E0527,40,Male,HR,HR Executive,16,135633,Yes
E1196,33,Female,Human Resources,Recruiter,32,107019,No
E0948,30,Male,Finance,Financial Analyst,4,36233,No
E0043,27,Male,IT,System Admin,8,54580,Yes
E0427,44,Unkown,Operations,Operations Executive,23,117565,No
E0140,28,Female,Operations,Operations Executive,27,42335,Yes
E1244,39,Female,IT,Software Engineer,35,152975,No
E1046,31,Male,Sales,Sales Manager,21,79242,No
E0875,24,Female,IT,Software Engineer,26,83011,Yes
E0476,39,Unkown,Human Resources,Recruiter,18,110613,No
E0284,44,Male,sales,Sales Executive,28,49850,No
E1141,47,Male,Marketing,Marketing Executive,9,122969,No
E0852,27,Male,Operations,Supervisor,15,144304,No
E0993,35,Female,Finance,Accountant,8,119966,No
E0052,46,Unkown,Operations,Supervisor,27,55245,No
E0462,57,Unkown,sales,Sales Executive,17,43938,No
E1437,53,Unkown,HR,HR Executive,10,76304,No
E1115,24,Female,Operations,Operations Executive,28,96626,No
E1533,35,Male,R&D,Research Analyst,21,123271,Yes
E0363,32,Female,Finance,Accountant,23,45342,No
E1486,26,Male,Sales,Sales Executive,18,102846,No
E0937,44,Unkown,Sales,Sales Manager,27,97628,No
E1314,22,Unkown,Human Resources,Recruiter,16,82448,Yes
E1032,56,Unkown,Finance,Financial Analyst,34,59727,No
E1137,30,Male,Human Resources,Recruiter,14,53106,No
E0827,45,Male,Operations,Operations Executive,23,45381,No
E0209,40,Unkown,Sales,Sales Manager,31,64051,No
E0510,40,Male,Finance,Financial Analyst,29,54977,No
E0853,22,Unkown,Human Resources,Recruiter,33,119373,No
E1066,29,Female,Finance,Accountant,7,30277,No
E1454,59,Male,Sales,Sales Executive,5,137250,No
E0247,49,Male,sales,Sales Executive,5,139209,Unknown
E0768,42,Unkown,Sales,Sales Executive,10,93532,No
E1388,40,Female,HR,Recruiter,0,116874,No
E0863,36,Female,sales,Sales Executive,22,156471,No
E1343,51,Unkown,HR,Recruiter,35,75583,No
E1398,31,Female,R&D,Research Analyst,13,38655,Yes
E1552,45,Female,R&D,Scientist,3,120261,No
E1060,35,Male,R&D,Research Analyst,19,125022,No
E1327,33,Female,Human Resources,Recruiter,5,127206,No
E0516,54,Unkown,IT,System Admin,5,44918,No
E1200,58,Male,Finance,Accountant,19,98691,No
E0035,32,Male,IT,System Admin,26,61068,No
E1014,58,Unkown,Operations,Operations Executive,32,120307,No
E1159,23,Male,Operations,Operations Executive,3,123378,No
E0747,38,Female,HR,HR Executive,16,126568,Yes
E1195,27,Female,Marketing,SEO Specialist,2,151207,Yes
E0965,58,Unkown,Marketing,Marketing Executive,25,128733,Yes
E1326,40,Female,Sales,Sales Manager,31,104308,No
E1564,50,Male,Sales,Sales Executive,16,127154,No
E0505,51,Female,R&D,Research Analyst,29,62681,No
E0811,34,Female,Finance,Accountant,6,56421,No
E1348,45,Unkown,Marketing,SEO Specialist,30,137836,No
E1568,47,Female,Human Resources,Recruiter,6,53316,No
E1136,22,Male,Operations,Supervisor,10,131997,No
E1045,54,Female,Finance,Accountant,22,135136,No
E0413,41,Female,Human Resources,Recruiter,32,152356,No
E1374,25,Female,IT,System Admin,12,103494,No
E0748,29,Unkown,HR,Recruiter,7,36047,No
E0929,37,Female,sales,Sales Executive,10,43821,No
E0087,35,Unkown,Sales,Sales Manager,30,87102,No
E0384,41,Unkown,Sales,Sales Manager,26,142104,No
E0708,48,Unkown,IT,System Admin,35,53209,Yes
E1154,22,Male,Sales,Sales Manager,5,31381,No
E0956,51,Unkown,Finance,Accountant,31,64410,Yes
E0793,55,Male,Finance,Accountant,31,154690,N
E0721,30,Unkown,Finance,Financial Analyst,11,56363,No
E1110,40,Unkown,sales,Sales Executive,1,56743,Yes
E0223,26,Unkown,HR,Recruiter,27,117206,No
E0936,50,Unkown,IT,System Admin,30,51360,No
E0960,37,Female,R&D,Scientist,17,48863,Yes
E0071,38,Unkown,sales,Sales Executive,27,104921,No
E0584,21,Unkown,Human Resources,Recruiter,10,42251,No
E1187,54,Female,Operations,Supervisor,18,97485,No
E0837,25,Male,sales,Sales Executive,10,39160,Yes
E0118,40,Unkown,Human Resources,Recruiter,8,110200,No
E1165,34,Unkown,Marketing,SEO Specialist,3,122399,No
E0844,46,Male,Marketing,SEO Specialist,10,30992,No
E0858,46,Female,Human Resources,Recruiter,26,139542,No
E0301,50,Unkown,Marketing,SEO Specialist,8,33220,No
E1360,30,Female,Sales,Sales Manager,6,126236,No
E0887,57,Female,Operations,Supervisor,27,58222,No
E1067,35,Male,Human Resources,Recruiter,11,55549,No
E0309,28,Unkown,HR,Recruiter,35,129667,No
E0658,23,Male,R&D,Scientist,0,39863,Yes
E0530,54,Unkown,Operations,Supervisor,8,30460,No
E0998,24,Unkown,IT,System Admin,35,87824,No
E0109,54,Female,sales,Sales Executive,33,30749,No
E0778,42,Male,IT,Software Engineer,27,88621,No
E0391,27,Unkown,sales,Sales Executive,0,69001,Y
E0204,28,Unkown,Finance,Accountant,18,145058,Yes
E0920,46,Female,Operations,Supervisor,31,30225,No
E1292,45,Male,R&D,Research Analyst,34,129589,Unknown
E0568,36,Unkown,sales,Sales Executive,15,138477,No
E0167,26,Unkown,sales,Sales Executive,19,112474,No
E1194,37,Male,HR,HR Executive,8,29184,Yes
E1015,25,Female,Sales,Sales Executive,6,41383,No
E0553,53,Male,Operations,Operations Executive,31,120140,No
E1218,34,Female,R&D,Scientist,22,32298,Yes
E1427,42,Unkown,R&D,Scientist,27,109013,No
E0600,60,Unkown,Operations,Operations Executive,15,31865,No
E0150,51,Male,R&D,Scientist,11,145498,N
E1429,42,Male,Operations,Supervisor,32,89070,No
E0590,46,Male,HR,Recruiter,21,131724,No
E0595,32,Male,Marketing,Marketing Executive,21,129896,No
E0770,40,Unkown,R&D,Scientist,17,62378,No
E0237,38,Male,Finance,Accountant,29,54514,No
E0270,28,Female,sales,Sales Executive,30,31092,No
E0666,46,Unkown,Finance,Accountant,25,71169,Yes
E0200,51,Female,Sales,Sales Manager,18,35193,Yes
E1051,58,Male,Marketing,Marketing Executive,29,158991,Yes
E0210,30,Unkown,IT,Software Engineer,28,133998,No
E1272,36,Female,IT,System Admin,15,157641,No
E0650,37,Female,Human Resources,Recruiter,19,44418,No
E0439,34,Male,sales,Sales Executive,34,159670,No
E1175,24,Female,sales,Sales Executive,7,59193,No
E0620,58,Male,IT,Software Engineer,3,47196,Yes
E0300,46,Male,Human Resources,Recruiter,28,122367,No
E0344,51,Female,IT,System Admin,7,126658,Yes
E0889,40,Male,R&D,Scientist,16,154649,Yes
E0860,40,Unkown,Operations,Operations Executive,2,103641,No
E0514,41,Female,sales,Sales Executive,24,28350,Yes
E0776,25,Unkown,R&D,Scientist,22,45945,Yes
E1040,43,Unkown,R&D,Scientist,21,94035,No
E0864,29,Female,Human Resources,Recruiter,19,61717,No
E1640,37,Male,Operations,Operations Executive,29,70411,No
E1641,27,Unkown,Finance,Financial Analyst,8,59982,No
E0547,54,Unkown,Sales,Sales Executive,27,31668,No
E0729,36,Unkown,IT,Software Engineer,35,112466,No
E1644,22,Female,Finance,Financial Analyst,3,157959,No
E1417,60,Unkown,HR,HR Executive,26,87489,No
E0203,39,Male,R&D,Research Analyst,22,48332,Yes
E0134,34,Male,Human Resources,Recruiter,29,135536,No
E1188,38,Male,R&D,Research Analyst,3,82031,No
E0213,54,Male,HR,HR Executive,23,49917,Yes
E0871,26,Male,R&D,Research Analyst,20,123664,Yes
E0008,35,Female,sales,Sales Executive,34,154828,No
E0236,47,Female,Human Resources,Recruiter,26,126471,No
E0647,47,Female,Finance,Financial Analyst,10,68503,No
E1406,28,Male,HR,HR Executive,2,85997,No
E0790,48,Unkown,R&D,Research Analyst,26,118878,No
E0345,51,Unkown,Operations,Operations Executive,14,150608,No
E0522,47,Male,Human Resources,Recruiter,4,39643,No
E1144,58,Male,Marketing,SEO Specialist,28,155034,Yes
E0528,27,Unkown,HR,Recruiter,23,154845,No
E1497,46,Unkown,sales,Sales Executive,32,76186,No
E0387,50,Male,Human Resources,Recruiter,30,46358,No
E1493,59,Unkown,HR,HR Executive,8,70915,No
E0878,40,Male,Sales,Sales Manager,14,128868,No
E1010,34,Unkown,Human Resources,Recruiter,12,114614,No
E0700,41,Male,HR,Recruiter,30,73746,No
E0453,51,Female,HR,Recruiter,14,136015,No
E0655,21,Unkown,HR,Recruiter,2,30096,N
E0389,28,Unkown,sales,Sales Executive,22,87442,No
E1478,60,Unkown,Operations,Operations Executive,21,121948,No
E0371,44,Female,Operations,Supervisor,11,79244,No
E0806,50,Male,Operations,Supervisor,16,88122,No
E0347,39,Female,Finance,Financial Analyst,16,87567,No
E1368,28,Male,Finance,Accountant,10,58501,Yes
E1037,38,Female,Operations,Operations Executive,16,96355,Yes
E0780,53,Unkown,sales,Sales Executive,29,51392,Yes
E1049,53,Unkown,sales,Sales Executive,11,82539,No
E0939,30,Female,R&D,Research Analyst,35,80352,No
E0013,39,Unkown,Finance,Financial Analyst,24,124596,No
E0596,51,Unkown,Human Resources,Recruiter,22,85376,No
E1213,42,Unkown,Human Resources,Recruiter,33,112632,No
E1074,38,Male,Marketing,Marketing Executive,30,101532,No
E1682,51,Male,Operations,Supervisor,24,58204,No
E0710,25,Male,sales,Sales Executive,18,145542,No
E0958,54,Unkown,sales,Sales Executive,11,31544,No
E0190,30,Unkown,sales,Sales Executive,28,47788,No
E1133,30,Female,HR,HR Executive,30,76370,Yes
E0719,45,Unkown,IT,System Admin,13,152128,No
E0872,60,Male,R&D,Scientist,26,94250,No
E1199,35,Male,HR,HR Executive,32,89434,No
E0821,48,Male,Marketing,Marketing Executive,22,103747,Yes
E1168,36,Female,IT,Software Engineer,3,30511,No
E0602,21,Female,Sales,Sales Executive,15,31563,No
E0682,47,Female,Operations,Supervisor,25,115970,No
E0149,42,Unkown,IT,System Admin,24,49142,No
E0786,30,Female,sales,Sales Executive,19,118667,No
E1430,39,Male,IT,Software Engineer,35,149610,No
E0862,47,Female,Human Resources,Recruiter,20,48036,No
E0917,50,Unkown,IT,System Admin,15,89634,No
E0218,33,Female,Human Resources,Recruiter,1,44286,No
E0428,22,Unkown,sales,Sales Executive,5,156056,Y
E1482,43,Female,Operations,Operations Executive,10,58211,Yes
E1381,27,Female,Marketing,Marketing Executive,35,144359,No
E1375,48,Unkown,Marketing,SEO Specialist,9,125304,No
E1483,56,Female,Finance,Financial Analyst,23,50291,No
E0124,33,Unkown,Human Resources,Recruiter,18,74659,Yes
E0794,27,Female,Finance,Accountant,28,148328,No
E1357,37,Male,sales,Sales Executive,2,148722,No
E0293,45,Female,IT,Software Engineer,15,128921,No
E0825,25,Unkown,Finance,Financial Analyst,23,157095,N
E1339,27,Female,Finance,Financial Analyst,5,113878,Yes
E1012,55,Unkown,sales,Sales Executive,14,149850,Yes
E1466,37,Unkown,sales,Sales Executive,32,103843,Yes
E0007,26,Male,Sales,Sales Manager,23,31363,No
E0488,25,Female,sales,Sales Executive,30,75547,No
E1082,49,Female,HR,Recruiter,21,112310,Y
E1068,41,Unkown,Finance,Financial Analyst,4,55923,No
E0959,49,Male,sales,Sales Executive,32,61575,Yes
E0953,38,Female,Marketing,Marketing Executive,3,93070,No
E1319,39,Unkown,Operations,Operations Executive,19,143966,No
E0438,36,Unkown,Sales,Sales Manager,16,99211,No
E1264,39,Male,sales,Sales Executive,24,145252,No
E0157,47,Male,Marketing,SEO Specialist,28,94795,No
E1184,44,Male,HR,Recruiter,1,61700,Yes
E1016,22,Male,Sales,Sales Manager,2,149989,No
E0712,24,Male,Operations,Supervisor,20,111957,No
E0099,29,Unkown,Marketing,Marketing Executive,32,128266,Yes
E0634,40,Unkown,Marketing,SEO Specialist,22,118338,Yes
E0048,56,Female,Marketing,SEO Specialist,21,33940,No
E0736,46,Female,HR,HR Executive,6,93139,No
E1258,40,Female,Human Resources,Recruiter,6,93070,No
E0047,45,Male,R&D,Research Analyst,19,45018,No
E0680,45,Unkown,sales,Sales Executive,15,41491,No
E0582,59,Male,Human Resources,Recruiter,34,126499,No
E1004,35,Unkown,HR,Recruiter,7,41548,No
E1380,25,Female,R&D,Scientist,0,112387,No
E0377,59,Female,Human Resources,Recruiter,10,148028,No
E0287,45,Unkown,IT,Software Engineer,27,92863,No
E1220,40,Unkown,Sales,Sales Manager,26,93070,No
E0003,49,Female,Sales,Sales Manager,6,39504,No
E0041,27,Female,Operations,Supervisor,34,80094,No
E1364,24,Unkown,Sales,Sales Manager,10,120144,No
E1428,27,Unkown,R&D,Research Analyst,15,149588,Yes
E0105,25,Female,Operations,Operations Executive,9,146255,No
E0422,45,Female,Operations,Operations Executive,22,101858,No
E0635,23,Unkown,Sales,Sales Manager,1,130134,No
E0763,50,Female,IT,Software Engineer,19,72337,No
E0576,28,Unkown,IT,System Admin,6,143794,No
E1308,24,Male,HR,HR Executive,30,34176,No
E0986,31,Male,Sales,Sales Executive,13,128264,Yes
E0989,34,Unkown,sales,Sales Executive,33,100476,No
E1118,32,Male,Sales,Sales Manager,33,43606,No
E0188,28,Female,Finance,Accountant,27,154593,No
E0518,27,Unkown,R&D,Scientist,16,36004,No
E0016,42,Male,IT,Software Engineer,5,99237,No
E0004,23,Unkown,Marketing,SEO Specialist,19,118036,No
E0046,47,Female,Finance,Financial Analyst,13,90909,Yes
E0560,51,Male,Finance,Accountant,16,75756,No
E0945,52,Male,Human Resources,Recruiter,24,131193,No
E1237,44,Male,Operations,Operations Executive,31,159004,No
E0711,24,Female,HR,Recruiter,12,147335,No
E1448,28,Female,HR,HR Executive,9,37446,No
E0577,51,Female,Human Resources,Recruiter,29,104159,No
E0464,50,Unkown,Marketing,Marketing Executive,13,105785,No
E0160,54,Female,Sales,Sales Executive,8,72951,No
E0058,59,Male,Operations,Operations Executive,26,98102,No
E0670,57,Male,R&D,Scientist,17,49315,Yes
E1249,60,Unkown,Finance,Financial Analyst,31,138830,No
E0024,22,Female,Sales,Sales Manager,27,158143,Yes
E0656,39,Male,sales,Sales Executive,35,121639,No
E1770,44,Unkown,Marketing,Marketing Executive,11,41165,No
E0696,48,Unkown,Marketing,Marketing Executive,32,58879,No
E0734,38,Female,Human Resources,Recruiter,14,104253,No
E0943,33,Unkown,Operations,Supervisor,7,147500,N
E0268,49,Unkown,Human Resources,Recruiter,24,90865,Yes
E0753,41,Unkown,R&D,Research Analyst,4,53144,No
E0688,37,Unkown,Human Resources,Recruiter,1,31523,Yes
E0034,45,Unkown,Marketing,Marketing Executive,3,55715,Yes
E1377,30,Unkown,Operations,Operations Executive,8,78409,No
E1371,44,Male,Operations,Operations Executive,11,36637,No
E1147,42,Unkown,Marketing,Marketing Executive,27,67795,No
E0096,33,Male,HR,Recruiter,19,135988,No
E0934,26,Male,Finance,Accountant,7,152842,No
E1003,50,Male,Human Resources,Recruiter,27,59650,No
E1415,52,Unkown,R&D,Scientist,17,67311,No
E0502,32,Unkown,HR,HR Executive,19,33691,No
E0117,23,Female,Operations,Operations Executive,16,86560,No
E0833,52,Male,HR,HR Executive,31,39775,Yes
E0127,33,Unkown,Operations,Operations Executive,12,39551,No
E0913,45,Male,HR,Recruiter,30,111175,No
E0426,59,Male,R&D,Research Analyst,1,155037,No
E0219,44,Female,Operations,Operations Executive,17,132621,Yes
E0396,60,Male,sales,Sales Executive,17,107331,Yes
E1006,24,Unkown,IT,System Admin,12,127033,No
E0644,54,Male,Sales,Sales Manager,34,112257,No
E1254,33,Unkown,R&D,Scientist,26,120903,No
E1440,40,Female,Sales,Sales Manager,5,152501,No
E0448,48,Unkown,R&D,Scientist,16,59783,Yes
E1157,55,Male,Finance,Financial Analyst,11,118352,No
E1492,39,Unkown,IT,System Admin,12,73439,Yes
E1431,43,Unkown,Marketing,Marketing Executive,2,150471,No
E0627,52,Unkown,HR,Recruiter,0,34632,No
E0894,49,Female,HR,Recruiter,0,147980,No
E0197,37,Female,Finance,Accountant,14,33670,No
E0740,53,Male,IT,Software Engineer,19,47493,No
E0603,25,Male,Sales,Sales Manager,12,67684,No
E0107,40,Unkown,IT,System Admin,0,44636,Yes
E0076,42,Female,Sales,Sales Manager,10,113402,No
E0622,30,Unkown,Operations,Supervisor,26,122621,No
E0012,30,Female,HR,Recruiter,23,89594,No
E1132,39,Male,sales,Sales Executive,9,80965,No
E1473,30,Male,R&D,Research Analyst,33,53162,No
E1192,47,Male,Finance,Accountant,18,49035,No
E0059,29,Female,Operations,Operations Executive,9,71841,No
E0557,40,Male,Sales,Sales Manager,14,34119,No
E0102,50,Female,R&D,Research Analyst,7,32834,No
E1216,49,Female,IT,Software Engineer,22,104875,Yes
E0442,45,Unkown,HR,HR Executive,24,131194,No
E0359,58,Unkown,Human Resources,Recruiter,22,53182,No
E1310,27,Unkown,sales,Sales Executive,35,52400,No
E1390,40,Male,Operations,Operations Executive,30,55049,No
E1265,25,Male,Operations,Operations Executive,17,72061,No
E0051,30,Female,IT,System Admin,33,53850,N
E0072,60,Unkown,R&D,Scientist,33,61899,Unknown
E0255,56,Female,Marketing,SEO Specialist,22,147160,No
E0978,22,Female,IT,Software Engineer,27,67026,No
E0289,39,Male,sales,Sales Executive,15,63955,Yes
E0405,57,Female,HR,Recruiter,33,94159,No
E1223,40,Unkown,Finance,Accountant,6,97910,No
E1202,49,Male,HR,HR Executive,16,39572,Yes
E0493,41,Unkown,HR,HR Executive,13,116207,No
E0743,49,Female,Operations,Operations Executive,9,62042,No
E1419,24,Male,IT,Software Engineer,29,64159,No
E0445,23,Unkown,Marketing,Marketing Executive,15,67956,No
E0955,38,Unkown,Marketing,SEO Specialist,24,86381,No
E0979,40,Female,HR,Recruiter,5,158195,No
E1005,29,Female,R&D,Research Analyst,35,74989,No
E1151,32,Male,Sales,Sales Executive,32,38113,Yes
E0541,38,Male,Operations,Supervisor,9,68925,No
E1394,56,Unkown,Sales,Sales Manager,30,30080,Yes
E1075,49,Female,Sales,Sales Manager,4,54497,No
E1485,49,Female,Operations,Supervisor,3,63905,Yes
E1284,53,Female,HR,HR Executive,5,128091,Yes
E0221,56,Female,IT,System Admin,32,125612,No
E0964,52,Female,HR,Recruiter,23,83822,No
E1106,49,Female,Finance,Accountant,10,44188,No
E0925,30,Female,sales,Sales Executive,12,69222,No
E0086,56,Female,Finance,Financial Analyst,15,140278,No
E0367,56,Female,Sales,Sales Manager,21,92014,No
E0569,48,Unkown,HR,HR Executive,31,104757,No
E0317,21,Male,Finance,Accountant,3,125033,No
E1053,50,Female,Sales,Sales Executive,35,50291,No
E0803,40,Female,Operations,Operations Executive,26,61020,No
E0966,38,Female,Sales,Sales Manager,4,39349,No
E0690,52,Unkown,Human Resources,Recruiter,28,49952,Yes
E0278,50,Female,Marketing,Marketing Executive,26,44781,No
E1267,52,Male,R&D,Scientist,24,122298,Yes
E0797,38,Male,Human Resources,Recruiter,16,94797,Yes
E1289,48,Male,Operations,Operations Executive,7,48345,No
E0385,50,Unkown,HR,Recruiter,31,156506,No
E0932,53,Male,Sales,Sales Manager,18,135005,No
E0689,40,Unkown,Operations,Operations Executive,24,139367,Yes
E0400,48,Unkown,Sales,Sales Manager,7,134460,N
E0969,31,Female,HR,Recruiter,31,49947,N
E0081,35,Female,IT,Software Engineer,27,48446,No
E0725,24,Unkown,IT,Software Engineer,17,47558,No
E0066,45,Male,HR,Recruiter,6,79369,No
E0981,34,Male,Marketing,Marketing Executive,34,90980,No
E0433,52,Unkown,sales,Sales Executive,10,155700,No
E0916,26,Female,IT,System Admin,25,53707,No
E0954,35,Female,Marketing,SEO Specialist,14,111089,No
E0808,56,Male,R&D,Scientist,25,42281,No
E0434,44,Male,Human Resources,Recruiter,18,117077,No
E1305,39,Male,R&D,Scientist,24,97930,Yes
E0767,53,Unkown,HR,HR Executive,1,111391,No
E0616,57,Female,R&D,Research Analyst,23,121464,No
E0698,59,Female,HR,HR Executive,12,158948,No
E0002,56,Female,Finance,Accountant,21,92268,No
E0471,26,Unkown,Operations,Operations Executive,0,94721,No
E1366,46,Male,Finance,Accountant,24,41050,No
E0437,21,Male,R&D,Scientist,30,100473,No
E0781,35,Unkown,R&D,Research Analyst,13,34031,No
E1158,54,Male,HR,HR Executive,31,151311,No
E0629,47,Male,HR,HR Executive,0,94168,No
E0060,21,Male,sales,Sales Executive,30,68833,No
E1173,55,Male,Finance,Financial Analyst,3,62043,No
E0904,36,Male,Human Resources,Recruiter,22,80615,Yes
E0122,36,Male,Sales,Sales Executive,29,153602,No
E0214,35,Female,Marketing,SEO Specialist,18,93070,No
E0578,30,Male,IT,System Admin,27,32344,No
E1323,38,Unkown,Marketing,Marketing Executive,22,136699,No
E0029,57,Female,sales,Sales Executive,27,142297,Yes
E0665,51,Male,Human Resources,Recruiter,18,45587,Yes
E1022,29,Unkown,sales,Sales Executive,15,115484,No
E1457,27,Female,IT,Software Engineer,22,132044,No
E0469,57,Unkown,Human Resources,Recruiter,8,52637,No
E1189,30,Unkown,Finance,Accountant,26,51447,No
E1101,24,Unkown,Operations,Supervisor,11,117370,Yes
E0733,49,Male,Marketing,Marketing Executive,8,48061,No
E0259,25,Unkown,R&D,Research Analyst,24,117752,No
E0166,45,Male,Human Resources,Recruiter,12,69656,No
E0723,32,Unkown,sales,Sales Executive,3,142107,No
E0484,35,Male,Sales,Sales Manager,32,126128,No
E0432,58,Female,IT,System Admin,13,58659,No
E0749,51,Unkown,Operations,Supervisor,9,125394,No
E1402,56,Unkown,R&D,Scientist,19,127426,Unknown
E1243,40,Unkown,R&D,Scientist,33,145515,No
E0338,30,Female,Operations,Supervisor,20,107716,Yes
E0757,60,Female,Sales,Sales Executive,0,57567,No
E0926,52,Female,IT,Software Engineer,10,83829,No
E1469,43,Male,HR,HR Executive,3,134018,No
E0248,37,Female,IT,System Admin,16,80507,Yes
E1468,31,Female,Operations,Supervisor,11,121187,No
E0814,57,Male,sales,Sales Executive,6,54929,No
E0515,22,Unkown,HR,HR Executive,7,93070,No
E0073,39,Female,Marketing,Marketing Executive,11,90244,No
E0137,55,Unkown,sales,Sales Executive,35,86917,No
E0094,39,Female,Marketing,SEO Specialist,8,130521,Yes
E0294,27,Female,Operations,Supervisor,22,44936,No
E1500,36,Male,Finance,Accountant,34,33711,No
E0009,33,Male,Sales,Sales Executive,1,95203,No
E0182,45,Male,sales,Sales Executive,20,115464,No
E0754,40,Unkown,Marketing,SEO Specialist,35,130279,Yes
E1423,59,Male,Human Resources,Recruiter,32,137918,No
E1002,25,Female,Finance,Accountant,6,145595,No
E0732,26,Female,sales,Sales Executive,5,142259,Yes
E0036,35,Female,Sales,Sales Executive,29,140775,Yes
E0304,43,Unkown,Operations,Operations Executive,21,61864,No
E0055,50,Male,Marketing,Marketing Executive,23,102505,No
E0565,37,Male,R&D,Scientist,34,106556,Unknown
E0865,49,Unkown,Finance,Accountant,17,66679,No
E0532,40,Male,Marketing,Marketing Executive,10,84045,Yes
E0316,32,Male,Operations,Supervisor,6,68833,No
E1412,56,Female,IT,Software Engineer,7,101066,No
E0339,39,Male,R&D,Scientist,9,143645,No
E0637,45,Female,sales,Sales Executive,2,103379,Unknown
E1453,40,Female,Finance,Accountant,18,94250,Yes
E0245,44,Male,Finance,Accountant,17,117808,Yes
E0664,37,Unkown,Human Resources,Recruiter,16,85725,No
E1034,58,Unkown,Marketing,SEO Specialist,17,65896,Yes
E0496,52,Male,Human Resources,Recruiter,35,56772,No
E0208,49,Female,HR,HR Executive,10,159789,No
E0575,37,Male,Finance,Accountant,16,137849,No
E0355,40,Male,HR,Recruiter,12,99524,Yes
E0886,32,Male,R&D,Scientist,24,74442,No
E0739,21,Unkown,Finance,Accountant,3,135093,No
E0731,38,Female,Human Resources,Recruiter,17,74535,No
E0792,40,Female,Finance,Financial Analyst,2,149554,No
E0470,21,Female,HR,Recruiter,19,91838,Yes
E1495,47,Female,IT,Software Engineer,2,79369,Yes
E1337,39,Female,Sales,Sales Executive,6,95169,No
E1320,34,Unkown,Operations,Operations Executive,11,137104,No
E0313,50,Unkown,R&D,Scientist,24,38855,No
E0296,22,Female,IT,System Admin,19,126169,No
E0593,54,Unkown,Sales,Sales Executive,6,29674,Unknown
E0524,21,Male,HR,Recruiter,16,158672,No
E0661,60,Male,Finance,Financial Analyst,10,96401,Yes
E0574,31,Female,IT,System Admin,23,29148,Yes
E1958,23,Unkown,Human Resources,Recruiter,21,39451,No
E0994,44,Male,R&D,Scientist,4,145649,No
E1341,43,Unkown,Finance,Accountant,4,143979,No
E0760,25,Female,Finance,Financial Analyst,31,115682,No
E1370,50,Unkown,Finance,Accountant,5,132234,No
E0873,33,Female,Operations,Operations Executive,23,45693,No
E0465,27,Female,sales,Sales Executive,6,67019,No
E1470,32,Female,Human Resources,Recruiter,18,39687,No
E1131,59,Unkown,Marketing,Marketing Executive,20,40839,No
E0450,58,Unkown,Human Resources,Recruiter,10,109815,No
E0132,22,Female,Marketing,Marketing Executive,4,43694,No
E1268,46,Female,Marketing,Marketing Executive,5,43102,No
E0177,53,Male,Finance,Financial Analyst,3,81295,No
E0535,59,Male,HR,HR Executive,12,97866,Yes
E0834,29,Female,R&D,Research Analyst,1,85254,No
E0592,57,Male,sales,Sales Executive,21,121489,No
E0424,25,Female,sales,Sales Executive,14,96048,Yes
E0420,32,Female,Finance,Financial Analyst,23,141067,No
E1490,45,Male,Marketing,SEO Specialist,8,31186,No
E0775,35,Unkown,HR,Recruiter,16,37927,No
E0841,53,Male,IT,Software Engineer,16,129648,No
E0499,46,Unkown,HR,Recruiter,21,41951,No
E0735,32,Female,IT,System Admin,0,124561,No
E1981,29,Unkown,Finance,Financial Analyst,2,67796,Yes
E0579,54,Female,IT,System Admin,25,35100,No
E0773,53,Female,Operations,Operations Executive,17,93070,Unknown
E0251,54,Female,Operations,Operations Executive,7,68482,No
E1098,59,Unkown,sales,Sales Executive,7,134450,No
E0997,27,Female,sales,Sales Executive,15,38616,Yes
E0490,23,Female,HR,Recruiter,8,88323,No
E0619,41,Female,Finance,Financial Analyst,29,39495,No
E0163,41,Unkown,R&D,Research Analyst,23,91055,No
E1481,44,Female,Marketing,Marketing Executive,35,150047,No
E1278,55,Unkown,Finance,Financial Analyst,31,93070,No
E0444,36,Unkown,Sales,Sales Executive,32,68297,No
E0098,46,Unkown,Sales,Sales Executive,31,83299,Unknown
E0353,23,Male,Human Resources,Recruiter,21,157721,Yes
E0429,29,Unkown,IT,Software Engineer,14,105719,Yes
E1039,33,Female,R&D,Scientist,8,89509,No
E1489,37,Male,Finance,Accountant,35,117095,Yes
E1259,51,Unkown,Marketing,Marketing Executive,1,29334,No
E0507,33,Male,Marketing,Marketing Executive,2,111427,No
E0425,34,Unkown,R&D,Research Analyst,27,147550,Unknown
E0311,54,Male,sales,Sales Executive,18,93070,No
E0892,27,Unkown,Human Resources,Recruiter,23,121932,No
E0229,38,Male,IT,System Admin,26,37803,No
E0331,37,Unkown,sales,Sales Executive,16,130989,Yes
E0850,21,Male,sales,Sales Executive,16,145935,No
E1059,45,Unkown,Sales,Sales Executive,0,80052,Yes
E0562,54,Unkown,Operations,Supervisor,25,125068,Unknown
E2008,40,Female,Finance,Financial Analyst,12,120168,Yes
E0905,21,Female,IT,Software Engineer,34,103253,No
E0971,43,Male,Finance,Financial Analyst,10,118923,No
E0350,23,Unkown,HR,Recruiter,10,37959,No
E1148,33,Female,Finance,Financial Analyst,19,153863,N
E0455,33,Unkown,Operations,Operations Executive,7,39681,No
E1134,27,Male,HR,Recruiter,24,70204,No
E0306,25,Unkown,R&D,Research Analyst,2,93070,No
E0911,22,Female,Finance,Financial Analyst,2,155447,No
E0407,53,Unkown,sales,Sales Executive,35,65071,No
E1342,38,Unkown,HR,Recruiter,3,84598,No
E0070,51,Male,Operations,Supervisor,35,86100,Yes
E0202,53,Unkown,Human Resources,Recruiter,0,135401,No
E1261,56,Male,Human Resources,Recruiter,25,75286,No
E0332,26,Unkown,IT,Software Engineer,8,117419,No
E0587,25,Unkown,Operations,Operations Executive,32,104971,Yes
E2024,24,Male,sales,Sales Executive,27,137166,No
E0857,23,Female,Operations,Operations Executive,3,110982,No
E0525,40,Male,Finance,Accountant,24,93070,No
E1324,45,Female,IT,System Admin,35,96014,No
E0489,47,Male,HR,HR Executive,7,151933,Yes
E1172,45,Female,R&D,Scientist,20,56421,Yes
E0626,35,Unkown,Human Resources,Recruiter,6,103776,No
E0653,39,Male,IT,System Admin,21,59656,No
E0235,45,Unkown,Sales,Sales Executive,0,88843,No
E0472,39,Female,Operations,Operations Executive,26,47852,Unknown
E1363,30,Unkown,HR,HR Executive,13,86572,No
E1025,31,Male,R&D,Research Analyst,23,80176,Yes
E1441,33,Male,IT,Software Engineer,28,125936,No
E1446,38,Female,Sales,Sales Executive,18,103601,Yes
E0328,28,Male,Human Resources,Recruiter,31,130413,Yes
E0480,59,Unkown,Finance,Financial Analyst,14,68820,No
E1467,44,Male,R&D,Research Analyst,34,37169,No
E0133,53,Unkown,Human Resources,Recruiter,29,39717,No
E0551,33,Unkown,Marketing,SEO Specialist,34,39727,No
E0299,58,Female,Marketing,SEO Specialist,6,78780,No
E1097,45,Unkown,HR,Recruiter,34,93328,No
E0546,36,Male,Marketing,Marketing Executive,15,55823,Yes
E0651,43,Male,HR,Recruiter,35,111009,No
E0826,49,Female,Sales,Sales Executive,12,51322,No
E0348,57,Unkown,Operations,Supervisor,15,129458,No
E1085,49,Male,Human Resources,Recruiter,12,31961,No
E1418,38,Female,R&D,Research Analyst,22,74746,No
E1276,23,Female,HR,Recruiter,22,137253,No
E1023,44,Male,Sales,Sales Manager,3,78251,Unknown
E0225,35,Female,Sales,Sales Manager,23,50593,No
E0390,45,Male,Sales,Sales Manager,34,137774,No
E0716,56,Male,Operations,Operations Executive,33,41298,No
E0846,51,Male,sales,Sales Executive,33,67304,Yes
E1104,25,Male,sales,Sales Executive,19,81397,No
E1459,37,Unkown,Finance,Accountant,13,158487,No
E1287,32,Male,sales,Sales Executive,22,84881,N
E1207,28,Male,Sales,Sales Manager,6,150483,No
E0233,40,Female,IT,Software Engineer,9,131020,Yes
E1210,25,Female,sales,Sales Executive,11,33967,No
E1058,42,Female,Marketing,Marketing Executive,3,84851,No
E1488,31,Female,Finance,Financial Analyst,33,158375,Yes
E0654,50,Female,HR,HR Executive,29,144836,No
E0972,56,Female,HR,Recruiter,35,31225,No
E1328,29,Male,Sales,Sales Executive,20,71202,Yes
E0362,22,Unkown,Human Resources,Recruiter,17,83805,No
E1152,42,Female,Operations,Supervisor,29,91842,No
E0352,47,Male,Human Resources,Recruiter,16,96372,No
E1080,45,Female,Human Resources,Recruiter,21,150574,No
E1229,51,Female,sales,Sales Executive,20,99154,No
E1408,44,Male,HR,HR Executive,2,76419,No
E1391,27,Female,sales,Sales Executive,27,35969,No
E0543,42,Female,Human Resources,Recruiter,10,69877,No
E0849,55,Female,Sales,Sales Executive,26,145825,No
E0526,43,Unkown,IT,Software Engineer,12,93070,No
E1100,23,Male,IT,Software Engineer,20,132957,No
E0824,46,Male,sales,Sales Executive,0,120137,No
E0459,21,Unkown,Human Resources,Recruiter,9,62884,No
E1248,57,Female,Sales,Sales Manager,11,92071,No
E0990,21,Unkown,Marketing,SEO Specialist,12,108173,No
E0796,41,Male,Human Resources,Recruiter,2,33700,No
E0014,29,Unkown,R&D,Scientist,29,33403,No
E1250,56,Unkown,R&D,Scientist,7,134277,No
E0632,59,Unkown,Finance,Financial Analyst,19,132818,No
E1036,33,Female,Finance,Financial Analyst,0,67061,No
E1318,36,Male,Finance,Financial Analyst,17,146190,No
E0342,25,Male,R&D,Research Analyst,9,159912,No
E0630,36,Female,Marketing,SEO Specialist,9,105088,No
E0280,22,Male,sales,Sales Executive,31,74455,No
E1352,55,Unkown,Marketing,Marketing Executive,11,90950,No
E0318,54,Female,R&D,Scientist,23,70851,No
E1303,31,Male,IT,Software Engineer,21,32115,Unknown
E1146,52,Unkown,Marketing,SEO Specialist,4,67733,No
E0401,55,Female,Sales,Sales Manager,26,131873,No
E0336,29,Male,Human Resources,Recruiter,29,64829,Yes
E0169,38,Male,HR,HR Executive,10,63244,No
E0856,60,Unkown,sales,Sales Executive,1,114573,No
E1018,35,Unkown,Operations,Supervisor,29,137860,No
E0506,58,Unkown,Finance,Accountant,24,65826,No
E0788,49,Unkown,Operations,Operations Executive,11,126848,Yes
E0179,28,Unkown,Marketing,SEO Specialist,12,110241,No
E1204,38,Male,Human Resources,Recruiter,32,66018,No
E0692,21,Male,sales,Sales Executive,11,112853,No
E0366,55,Male,HR,HR Executive,18,84076,Yes
E1167,53,Unkown,Human Resources,Recruiter,35,70555,No
E1275,24,Male,Operations,Supervisor,18,52560,No
E0320,57,Unkown,Finance,Financial Analyst,19,78841,Yes
E1399,54,Male,IT,System Admin,14,41189,No
E0848,60,Female,sales,Sales Executive,34,111453,No
E0924,54,Female,Operations,Supervisor,21,90294,No
E1274,44,Female,Operations,Operations Executive,21,134595,No
E0985,28,Unkown,Operations,Operations Executive,7,113011,No
E0356,30,Unkown,sales,Sales Executive,11,58440,No
E0285,45,Male,Operations,Operations Executive,21,137090,No
E0607,27,Male,HR,Recruiter,30,37785,No
E1316,40,Female,Sales,Sales Manager,8,148018,Yes
E0521,58,Male,sales,Sales Executive,17,68850,No
E0611,21,Female,IT,System Admin,35,105341,Yes
E0393,23,Unkown,Marketing,SEO Specialist,32,132325,No
E1450,22,Male,IT,System Admin,33,28387,Yes
E1315,54,Male,Operations,Supervisor,33,153283,No
E0910,49,Female,Sales,Sales Manager,10,129166,No
E0199,29,Unkown,Finance,Financial Analyst,14,62130,No
E0950,28,Female,Sales,Sales Executive,17,95258,Yes
E2127,45,Unkown,sales,Sales Executive,24,29938,No
E0638,26,Unkown,Finance,Financial Analyst,2,152430,No
E0136,58,Unkown,Sales,Sales Executive,11,113509,No
E0942,59,Unkown,Operations,Operations Executive,12,149753,N
E0194,48,Female,Operations,Supervisor,14,104013,No
E0673,45,Male,IT,System Admin,14,122314,N
E1230,40,Male,Human Resources,Recruiter,9,127933,No
E1070,48,Unkown,Operations,Supervisor,22,94225,No
E0707,38,Male,sales,Sales Executive,34,119451,No
E0542,38,Unkown,Sales,Sales Executive,31,155955,Yes
E0288,47,Unkown,Sales,Sales Executive,17,134994,Yes
E0538,40,Unkown,IT,Software Engineer,28,41364,N
E1355,53,Unkown,R&D,Research Analyst,23,153418,No
E1255,28,Unkown,R&D,Scientist,22,43545,No
E0835,22,Female,HR,HR Executive,21,38416,Yes
E0019,53,Unkown,R&D,Research Analyst,8,29562,No
E0646,34,Unkown,Operations,Operations Executive,17,78144,No
E1435,51,Male,Operations,Operations Executive,17,98723,No
E0918,40,Unkown,Operations,Operations Executive,14,93070,No
E1436,25,Female,R&D,Research Analyst,26,131982,No
E0446,52,Unkown,Finance,Accountant,19,151642,No
E1496,42,Male,Operations,Operations Executive,30,94475,No
E1386,33,Unkown,Finance,Accountant,23,127974,No
E0684,28,Male,R&D,Research Analyst,31,54722,No
E0440,36,Female,IT,Software Engineer,30,83528,No
E0801,34,Unkown,R&D,Scientist,21,157981,No
E1233,43,Male,sales,Sales Executive,17,74565,No
E0930,30,Male,sales,Sales Executive,8,108585,Yes
E0756,33,Female,Sales,Sales Manager,15,48764,Yes
E0881,22,Female,Finance,Accountant,34,155146,No
E1331,29,Male,Finance,Financial Analyst,24,48051,No
E0967,44,Male,HR,HR Executive,14,47498,No
E0812,37,Male,Sales,Sales Manager,15,148840,No
E1114,45,Male,Marketing,SEO Specialist,31,150334,Yes
E1432,42,Female,HR,Recruiter,35,54883,No
E0417,49,Female,HR,HR Executive,30,93070,N
E0310,57,Unkown,sales,Sales Executive,27,36782,No
E0487,52,Female,R&D,Scientist,16,104982,No
E0354,38,Female,Sales,Sales Executive,27,131991,Yes
E0758,35,Unkown,Finance,Accountant,13,152957,No
E0435,51,Unkown,sales,Sales Executive,1,68629,No
E0220,56,Male,Finance,Accountant,0,36475,No
E1062,29,Male,Operations,Supervisor,27,99935,No
E0697,43,Male,IT,Software Engineer,14,72208,No
E0116,48,Unkown,Operations,Supervisor,18,48707,No
E0559,60,Unkown,R&D,Research Analyst,23,92493,Yes
E0049,30,Female,Sales,Sales Manager,10,40410,Yes
E0617,56,Male,HR,Recruiter,13,73753,No
E1358,39,Male,Human Resources,Recruiter,18,51229,No
E1487,30,Male,Finance,Financial Analyst,17,128498,No
E0262,51,Unkown,HR,HR Executive,19,81762,No
E0613,28,Male,Human Resources,Recruiter,33,128291,No
E1476,45,Male,Marketing,Marketing Executive,0,90138,No
E1332,22,Male,sales,Sales Executive,31,63459,No
E1024,44,Unkown,Marketing,SEO Specialist,5,120611,No
E0983,39,Unkown,IT,Software Engineer,15,137293,No
E0196,38,Unkown,Human Resources,Recruiter,28,101478,No
E0323,27,Male,HR,Recruiter,14,158032,No
E1293,51,Male,Operations,Operations Executive,28,135118,No
E0038,46,Female,Marketing,SEO Specialist,22,88005,Yes
E0591,34,Female,sales,Sales Executive,30,129224,Yes
E0699,27,Female,IT,Software Engineer,9,28824,No
E1107,23,Male,Sales,Sales Manager,6,85326,No
E0738,59,Unkown,Operations,Supervisor,14,50146,No
E0031,40,Male,Marketing,Marketing Executive,7,102068,No
E0799,24,Unkown,sales,Sales Executive,13,72839,No
E0314,39,Unkown,Finance,Accountant,12,46182,Y
E0822,46,Unkown,Finance,Financial Analyst,18,93999,No
E0554,54,Female,R&D,Scientist,5,72062,Yes
E1404,27,Male,Marketing,SEO Specialist,14,93314,No
E1017,58,Female,Marketing,Marketing Executive,29,146775,Unknown
E0173,25,Female,sales,Sales Executive,12,104758,No
E0842,40,Unkown,R&D,Research Analyst,27,79389,No
E0085,40,Female,HR,Recruiter,28,145292,Yes
E0483,25,Unkown,Human Resources,Recruiter,8,93070,Unknown
E0130,26,Female,HR,HR Executive,23,82246,Yes
E0636,35,Female,R&D,Research Analyst,22,134053,No
E0556,52,Male,Sales,Sales Executive,19,93070,No
E1273,58,Unkown,IT,Software Engineer,3,77547,No
E2206,31,Unkown,Human Resources,Recruiter,24,121380,No
E0139,28,Unkown,Marketing,Marketing Executive,11,157454,No
E0456,34,Female,Finance,Accountant,33,63929,No
E0783,51,Male,Finance,Accountant,34,92066,No
E0501,35,Unkown,R&D,Scientist,22,110076,No
E0566,35,Male,Finance,Financial Analyst,0,70911,No
E1451,57,Female,Human Resources,Recruiter,12,65808,No
E0146,36,Male,R&D,Research Analyst,7,139148,No
E1203,58,Female,Human Resources,Recruiter,5,79033,No
E1125,54,Female,IT,System Admin,6,93070,No
E1093,34,Unkown,Sales,Sales Executive,32,105074,No
E0357,43,Female,R&D,Research Analyst,17,95752,No
E1397,21,Unkown,IT,Software Engineer,0,73003,No
E0992,33,Female,Human Resources,Recruiter,22,94456,Yes
E0909,23,Unkown,HR,Recruiter,24,113692,Yes
E1145,48,Female,HR,Recruiter,11,115931,No
E0128,39,Male,Finance,Financial Analyst,11,93070,No
E1426,50,Unkown,IT,Software Engineer,14,43420,No
E0276,52,Female,Human Resources,Recruiter,20,52040,Y
E1065,44,Female,Operations,Supervisor,16,84298,No
E1232,43,Unkown,IT,Software Engineer,2,77307,No
E0282,59,Unkown,Finance,Accountant,24,150319,No
E1400,39,Unkown,sales,Sales Executive,2,107023,Yes
E0187,47,Unkown,Operations,Operations Executive,16,100345,No
E2230,57,Female,HR,HR Executive,2,30198,No
E0005,53,Unkown,Sales,Sales Executive,27,155437,No
E0815,31,Female,R&D,Scientist,17,137689,Yes
E0888,41,Male,Operations,Operations Executive,10,159362,Yes
E0457,39,Male,R&D,Research Analyst,14,88505,N
E1458,42,Unkown,IT,System Admin,1,64811,No
E0154,60,Female,R&D,Research Analyst,4,111961,Yes
E1087,38,Unkown,Sales,Sales Executive,30,93070,No
E1084,22,Female,Finance,Financial Analyst,2,112906,No
E1410,28,Unkown,IT,Software Engineer,30,151416,No
E0694,46,Male,Marketing,SEO Specialist,35,137846,No
E0903,31,Female,Sales,Sales Manager,30,70444,No
E2242,32,Male,sales,Sales Executive,3,120092,Yes
E0239,57,Unkown,R&D,Research Analyst,6,156236,No
E0550,36,Female,Marketing,Marketing Executive,14,71285,No
E0402,32,Female,Sales,Sales Executive,25,52543,Yes
E0152,33,Female,Operations,Supervisor,24,157308,Yes
E0324,32,Male,Marketing,Marketing Executive,10,46814,No
E0504,60,Female,Marketing,Marketing Executive,0,54649,No
E0597,33,Unkown,Sales,Sales Executive,22,137296,No
E1443,46,Male,Operations,Supervisor,25,86771,No
E0668,60,Unkown,Human Resources,Recruiter,15,70959,No
E0513,29,Female,Operations,Supervisor,29,128588,Yes
E0829,59,Female,Finance,Financial Analyst,28,125501,No
E0380,32,Male,Sales,Sales Manager,20,121853,No
E0549,54,Male,Marketing,SEO Specialist,26,126429,No
E1109,24,Unkown,Finance,Accountant,1,81805,No
E0621,40,Unkown,sales,Sales Executive,10,115633,No
E0996,32,Female,Human Resources,Recruiter,31,31351,Yes
E1491,42,Male,R&D,Research Analyst,9,63905,No
E1295,26,Female,Finance,Financial Analyst,27,86534,No
E1434,31,Female,Sales,Sales Executive,24,110060,No
E0192,25,Unkown,Operations,Operations Executive,3,151964,No
E1198,48,Unkown,Human Resources,Recruiter,31,135662,Yes
E0787,27,Female,Finance,Financial Analyst,27,113901,No
E1447,38,Male,Finance,Financial Analyst,5,97938,No
E1334,57,Unkown,sales,Sales Executive,1,105089,No
E0817,59,Unkown,Finance,Accountant,12,94690,Yes
E0164,49,Female,Finance,Financial Analyst,0,152924,No
E0764,22,Unkown,Sales,Sales Executive,19,37660,No
E1433,38,Female,Marketing,SEO Specialist,1,125533,No
E0691,42,Male,Operations,Supervisor,25,150481,Yes
E0531,45,Female,R&D,Scientist,30,133915,No
E0963,39,Female,Human Resources,Recruiter,20,91724,Yes
E1389,49,Male,Operations,Operations Executive,0,52170,No
E1241,29,Female,R&D,Research Analyst,34,37888,No
E0449,31,Unkown,R&D,Scientist,32,120457,No
E1128,28,Female,HR,Recruiter,16,50750,No
E1042,29,Unkown,Marketing,SEO Specialist,0,34560,Yes
E0088,42,Female,Sales,Sales Executive,29,42196,No
E1149,35,Female,R&D,Scientist,14,81002,No
E0976,49,Unkown,Human Resources,Recruiter,7,136788,No
E1092,27,Female,Finance,Financial Analyst,33,139021,No
E0777,53,Female,Sales,Sales Manager,0,29863,Y
E1401,54,Female,Finance,Accountant,15,90923,Yes
E2285,26,Female,Operations,Operations Executive,17,122737,No
E0907,37,Unkown,sales,Sales Executive,32,86803,No
E1346,59,Unkown,Finance,Accountant,8,93070,No
E0520,43,Unkown,Marketing,Marketing Executive,22,148145,No
E0995,40,Male,Marketing,Marketing Executive,32,122993,No
E0238,35,Female,IT,Software Engineer,6,112716,No
E0343,41,Unkown,Operations,Supervisor,21,118647,No
E0297,54,Male,Operations,Operations Executive,35,142853,No
E0201,27,Male,sales,Sales Executive,1,154359,No
E0376,39,Unkown,sales,Sales Executive,30,117096,No
E1000,26,Male,Finance,Financial Analyst,27,35365,Yes
E0100,52,Unkown,Finance,Financial Analyst,21,116467,No
E0940,48,Female,Finance,Financial Analyst,18,158418,No
E0687,44,Unkown,sales,Sales Executive,26,127532,No
E1029,46,Female,HR,Recruiter,2,96826,No
E0648,46,Male,sales,Sales Executive,6,62438,No
E1306,38,Female,Operations,Supervisor,18,83914,No
E0110,58,Male,Finance,Accountant,19,96090,No
E0337,32,Male,Sales,Sales Executive,13,45295,No
E0180,48,Female,R&D,Research Analyst,12,49531,No
E0623,23,Unkown,Finance,Financial Analyst,19,34854,No
E0555,41,Unkown,Sales,Sales Manager,3,53047,No
E1052,47,Female,sales,Sales Executive,12,153618,N
E0631,60,Male,HR,HR Executive,31,152432,No
E1409,28,Female,sales,Sales Executive,34,109510,Unknown
E0119,53,Male,Finance,Accountant,14,142834,No
E1221,41,Male,Sales,Sales Executive,34,121747,No
E1344,35,Female,Human Resources,Recruiter,34,99617,No
E1271,50,Female,Operations,Operations Executive,17,63243,Yes
E0135,23,Unkown,Marketing,SEO Specialist,12,154061,No
E0486,30,Male,Finance,Financial Analyst,9,77612,No
E0053,37,Male,Operations,Operations Executive,18,135734,No
E0361,58,Male,Operations,Operations Executive,31,108479,N
E0260,40,Female,sales,Sales Executive,29,31368,No
E1028,22,Male,IT,Software Engineer,19,72454,No
E1041,49,Male,Human Resources,Recruiter,2,122599,No
E0330,58,Unkown,Operations,Operations Executive,26,126051,Yes
E0608,52,Unkown,sales,Sales Executive,19,118580,No
E0298,36,Male,HR,Recruiter,9,59339,No
E0737,27,Male,Operations,Supervisor,0,132424,N
E0755,45,Male,Marketing,SEO Specialist,17,93674,No
E0642,52,Female,sales,Sales Executive,6,66305,No
E0867,40,Male,Operations,Supervisor,16,37342,Yes
E1251,57,Male,Marketing,Marketing Executive,5,151149,Yes
E1061,24,Male,Finance,Financial Analyst,3,74638,No
E0580,54,Unkown,IT,Software Engineer,19,93070,No
E0023,38,Male,IT,System Admin,28,118191,No
E2332,53,Male,IT,System Admin,4,62790,Unknown
E0785,45,Female,Finance,Financial Analyst,33,93070,No
E0843,30,Male,Human Resources,Recruiter,32,99403,No
E0474,51,Female,Sales,Sales Manager,29,109387,No
E0283,56,Unkown,Sales,Sales Manager,34,90606,No
E0609,58,Male,IT,System Admin,18,89841,No
E1438,33,Unkown,Marketing,Marketing Executive,18,92225,No
E0944,23,Female,Finance,Accountant,15,48406,Yes
E1236,41,Female,Marketing,Marketing Executive,29,138627,Yes
E1477,29,Unkown,Marketing,SEO Specialist,34,101512,No
E0290,26,Female,Operations,Operations Executive,7,53666,No
E0645,42,Unkown,IT,System Admin,10,159192,Yes
E1480,27,Unkown,Sales,Sales Manager,8,143964,No
E1170,54,Male,Finance,Accountant,9,150098,No
E0468,52,Unkown,sales,Sales Executive,29,55960,Unknown
E0605,38,Male,sales,Sales Executive,26,61766,No
E0067,48,Female,sales,Sales Executive,28,38584,No
E0452,41,Female,Sales,Sales Executive,2,79300,Yes
E0662,44,Male,HR,HR Executive,32,64921,No
E1472,32,Female,Finance,Accountant,35,146010,No
E0951,35,Unkown,Sales,Sales Executive,26,120315,No
E1498,58,Female,HR,HR Executive,28,144547,No
E1439,25,Male,R&D,Scientist,23,147661,No
E0144,24,Female,Human Resources,Recruiter,3,87872,No
E0431,22,Male,Finance,Accountant,21,158995,Unknown
E0693,60,Male,Finance,Accountant,27,125052,No
E1081,34,Male,Human Resources,Recruiter,17,159407,No
E1164,38,Male,Human Resources,Recruiter,32,126169,No
E0774,46,Unkown,sales,Sales Executive,20,89471,Yes
E0717,43,Male,Sales,Sales Executive,13,109814,No
E0185,28,Female,Marketing,Marketing Executive,14,89642,No
E0895,52,Male,Marketing,Marketing Executive,31,64012,Yes
E1298,54,Male,Marketing,Marketing Executive,22,154020,Yes
E1122,40,Male,Operations,Operations Executive,3,93907,No
E0479,49,Male,R&D,Scientist,14,93633,No
E0533,53,Male,Operations,Operations Executive,20,128212,No
E0410,30,Female,Sales,Sales Executive,33,71280,No
E0676,26,Female,Marketing,Marketing Executive,27,158486,No
E0561,28,Female,Operations,Supervisor,34,90443,No
E0558,42,Unkown,HR,Recruiter,5,120214,No
E1499,44,Male,R&D,Scientist,34,58536,No
E0171,35,Male,R&D,Research Analyst,16,74274,No
E0481,23,Male,sales,Sales Executive,17,87547,No
E0121,31,Unkown,IT,Software Engineer,1,66735,No
E1117,38,Female,IT,Software Engineer,5,35644,No
E0090,49,Female,Finance,Financial Analyst,19,52190,No
E0222,26,Male,Human Resources,Recruiter,2,123617,Yes
E1139,55,Unkown,sales,Sales Executive,22,54348,Yes
E0108,42,Male,IT,Software Engineer,29,82878,Yes
E0669,55,Male,Human Resources,Recruiter,16,93070,No
E2382,21,Male,sales,Sales Executive,25,139624,Yes
E0159,25,Female,Finance,Accountant,8,81953,Yes
E0624,21,Female,Operations,Operations Executive,2,101796,No
E0267,27,Unkown,Marketing,Marketing Executive,14,80882,No
E1294,54,Male,Sales,Sales Executive,27,64495,No
E1240,57,Female,IT,System Admin,25,83034,No
E0250,39,Unkown,HR,HR Executive,21,47437,N
E0089,32,Unkown,IT,System Admin,17,133201,Unknown
E1291,50,Female,sales,Sales Executive,34,97684,No
E0421,33,Male,Sales,Sales Manager,14,32000,Yes
E0831,27,Unkown,Human Resources,Recruiter,8,28454,Unknown
E1336,55,Female,Marketing,SEO Specialist,1,64424,No
E0141,32,Male,IT,Software Engineer,2,29105,Yes
E0984,38,Female,Sales,Sales Executive,19,100667,No
E0467,58,Male,Finance,Financial Analyst,32,150630,Yes
E0463,40,Male,IT,Software Engineer,9,148470,No
E0478,42,Female,HR,HR Executive,20,83338,No
E0674,57,Unkown,Marketing,Marketing Executive,22,64867,No
E0912,21,Female,Finance,Financial Analyst,26,31407,No
E0106,38,Male,HR,HR Executive,19,52896,Y
E1177,24,Unkown,HR,HR Executive,8,50240,Yes
E1356,23,Male,HR,HR Executive,3,33687,Yes
E0974,48,Unkown,Sales,Sales Executive,15,98789,No
E0151,32,Male,Human Resources,Recruiter,17,63320,No
E1313,51,Male,Human Resources,Recruiter,27,32634,No
E0702,38,Male,sales,Sales Executive,11,146104,No
E1176,29,Unkown,Human Resources,Recruiter,4,53753,Yes
E0612,25,Female,IT,Software Engineer,30,103479,No
E0404,23,Male,Sales,Sales Executive,31,118002,No
E0303,59,Unkown,Sales,Sales Manager,31,82426,No
E0614,38,Male,Human Resources,Recruiter,10,91546,No
E0832,30,Female,Operations,Supervisor,2,124805,No
E1077,32,Male,R&D,Scientist,5,29879,No
E0125,28,Unkown,Marketing,Marketing Executive,14,151676,No
E1421,41,Male,Marketing,Marketing Executive,8,154341,Yes
E1178,23,Male,Operations,Operations Executive,20,113208,No
E0349,57,Male,sales,Sales Executive,14,28827,No
E0369,29,Male,HR,HR Executive,15,34171,No
E0142,36,Unkown,Human Resources,Recruiter,30,127916,Yes
E1155,45,Unkown,Operations,Supervisor,30,29291,No
E1181,58,Male,sales,Sales Executive,27,84727,No
E0022,37,Female,Marketing,SEO Specialist,32,112471,No
E0519,54,Female,Human Resources,Recruiter,17,145731,No
E1191,47,Unkown,sales,Sales Executive,8,36964,No
E0198,40,Female,Sales,Sales Manager,33,115318,Yes
E0050,44,Unkown,R&D,Research Analyst,4,84672,Unknown
E0962,25,Unkown,Finance,Accountant,33,129785,No
E1096,53,Male,IT,System Admin,0,144772,No
E0062,36,Male,Operations,Operations Executive,35,152807,No
E1201,33,Unkown,R&D,Research Analyst,7,57293,No
E1182,60,Unkown,HR,Recruiter,9,58035,No
E0563,41,Male,HR,HR Executive,1,72364,No
E1150,31,Female,Operations,Supervisor,24,126089,No
E1238,52,Female,Sales,Sales Executive,16,33966,No
E1424,55,Male,Operations,Supervisor,30,41108,No
E0839,31,Female,Human Resources,Recruiter,16,38056,Unknown
E0819,50,Unkown,Human Resources,Recruiter,18,146563,Yes
E1460,47,Male,Finance,Accountant,29,154483,No
E1396,23,Unkown,Finance,Accountant,10,28555,No
E0640,34,Unkown,Finance,Accountant,28,147583,Yes
E0581,30,Female,IT,System Admin,35,60202,Yes
E1322,40,Female,Marketing,SEO Specialist,18,139364,No
E0027,38,Female,Finance,Accountant,33,71497,No
E1395,39,Female,IT,System Admin,12,95249,Yes
E1372,55,Unkown,sales,Sales Executive,30,61447,No
E0766,40,Female,IT,System Admin,2,156607,No
E0957,27,Male,IT,Software Engineer,33,44314,No
E0026,35,Male,Operations,Supervisor,4,94417,No
E0406,39,Male,Human Resources,Recruiter,8,121215,No
E0078,29,Unkown,Finance,Accountant,23,132808,No
E0249,41,Female,Operations,Supervisor,24,100241,No
E0386,38,Unkown,Finance,Accountant,23,84678,No
E1270,39,Male,Finance,Accountant,24,93070,No
E1382,57,Female,Human Resources,Recruiter,16,153638,No
E1190,44,Male,Marketing,SEO Specialist,1,114498,Yes
E0495,24,Unkown,HR,Recruiter,24,79030,No
E0970,24,Unkown,Human Resources,Recruiter,5,100876,No
E1140,31,Male,Finance,Accountant,16,153077,Yes
E0273,38,Male,Human Resources,Recruiter,26,66185,Yes
E1474,33,Unkown,R&D,Scientist,21,67604,No
E0588,35,Female,Sales,Sales Executive,10,150280,No
E0241,31,Male,Human Resources,Recruiter,18,149932,No
E0906,35,Female,sales,Sales Executive,25,88686,No
E0054,59,Male,Finance,Financial Analyst,6,147025,No
E0859,35,Unkown,HR,Recruiter,27,117758,Yes
E0242,50,Unkown,Marketing,SEO Specialist,2,37527,Y
E0395,34,Unkown,IT,System Admin,18,71693,No
E1035,59,Female,sales,Sales Executive,22,39707,No
E1311,54,Female,Finance,Accountant,33,33299,Yes
E1413,40,Unkown,R&D,Research Analyst,31,52351,No
E1009,41,Unkown,IT,System Admin,11,122594,No
E1373,54,Female,sales,Sales Executive,2,81707,Yes
E0618,40,Unkown,Sales,Sales Manager,18,148282,No
E0286,29,Female,Finance,Financial Analyst,19,44748,No
E1142,30,Male,sales,Sales Executive,7,145129,Yes
E1407,49,Male,Finance,Accountant,14,45196,No
E1452,60,Unkown,sales,Sales Executive,24,138775,No
E0156,33,Unkown,R&D,Scientist,16,138378,Yes
E0418,37,Female,R&D,Research Analyst,17,93070,No
E0279,27,Female,Human Resources,Recruiter,33,105680,No
E1367,45,Female,R&D,Research Analyst,16,122772,No
E0586,59,Unkown,Sales,Sales Executive,31,54755,Yes
E0765,36,Female,Finance,Accountant,14,138063,Y
E1214,46,Female,Marketing,Marketing Executive,23,51274,No
E1007,39,Male,Human Resources,Recruiter,13,138966,No
E0379,51,Male,Finance,Accountant,12,83473,No
E0704,22,Unkown,Marketing,Marketing Executive,34,93070,No
E0307,42,Female,Operations,Operations Executive,21,158649,No
E0274,58,Female,R&D,Scientist,5,96890,No
E1163,31,Male,IT,System Admin,5,99702,No
E0063,33,Male,Finance,Financial Analyst,30,140346,Unknown
E0261,36,Female,HR,Recruiter,1,102643,Yes
E1302,45,Unkown,HR,HR Executive,25,98800,No
E1369,59,Male,Marketing,Marketing Executive,3,132343,No
E0683,29,Unkown,Marketing,Marketing Executive,8,51186,No
E0927,44,Female,IT,Software Engineer,15,73893,No
E1166,33,Unkown,R&D,Research Analyst,26,104845,No
E0503,57,Male,Operations,Operations Executive,21,145706,No
E1212,22,Male,R&D,Research Analyst,30,37302,Yes
E0482,39,Male,R&D,Scientist,5,96046,No
E1078,57,Female,Operations,Operations Executive,7,63552,Unknown
E1281,29,Male,sales,Sales Executive,6,152282,No
E0112,41,Male,Human Resources,Recruiter,31,103718,No
E0820,22,Male,Finance,Financial Analyst,3,124174,No
E1208,23,Unkown,Operations,Operations Executive,11,45413,No
E1215,29,Female,Human Resources,Recruiter,35,154859,No
E0253,25,Female,sales,Sales Executive,26,103828,No
E0715,38,Male,Operations,Supervisor,20,127600,Yes
E1299,47,Unkown,sales,Sales Executive,14,52983,No
E0215,30,Male,HR,Recruiter,17,120380,No
E0876,40,Unkown,sales,Sales Executive,9,63556,No
E1338,53,Unkown,Finance,Financial Analyst,22,73576,No
E1283,45,Unkown,sales,Sales Executive,22,43312,No
E1180,32,Unkown,HR,Recruiter,8,92699,No
E2516,40,Unkown,Finance,Financial Analyst,15,84682,Yes
E0069,59,Female,Marketing,Marketing Executive,30,122554,Yes
E0896,26,Male,Human Resources,Recruiter,31,64966,No
E1224,33,Female,R&D,Scientist,32,159989,Yes
E0397,53,Male,Operations,Operations Executive,2,93070,No
E1064,49,Unkown,Operations,Supervisor,30,61615,No
E0065,52,Male,Human Resources,Recruiter,4,77397,No
E0855,55,Male,sales,Sales Executive,33,84163,Unknown
E1484,59,Female,Marketing,SEO Specialist,17,137986,No
E0364,27,Male,Finance,Financial Analyst,23,70652,No
E0129,57,Unkown,R&D,Research Analyst,22,109378,No
E0761,40,Male,Human Resources,Recruiter,8,30674,No
E0441,42,Male,Sales,Sales Executive,31,67986,No
E1449,56,Female,sales,Sales Executive,4,93600,No
E1044,27,Female,IT,Software Engineer,12,56930,No
E1307,38,Unkown,R&D,Research Analyst,29,56619,No
E0564,44,Male,R&D,Scientist,1,61245,No
E0703,31,Male,IT,Software Engineer,1,114981,No
E0243,30,Female,R&D,Research Analyst,34,28304,No
E0830,26,Female,R&D,Research Analyst,35,65793,No
E1376,52,Unkown,sales,Sales Executive,2,68646,No
E0360,38,Female,Sales,Sales Manager,8,32215,No
E0370,25,Unkown,Finance,Accountant,23,140779,No
E1222,50,Male,Marketing,SEO Specialist,34,50586,No
E0795,24,Female,IT,System Admin,31,80206,No
E1031,49,Unkown,R&D,Research Analyst,22,105231,No
E1129,22,Unkown,Marketing,SEO Specialist,32,157382,No
E1088,59,Unkown,Sales,Sales Executive,3,99660,No
E1411,37,Male,HR,Recruiter,8,109543,No
E0537,57,Female,Operations,Operations Executive,17,43728,No
E1008,44,Unkown,R&D,Research Analyst,1,115620,No
E1252,32,Female,Finance,Accountant,24,105772,No
E1416,58,Female,R&D,Scientist,11,69973,No
E0319,40,Female,sales,Sales Executive,23,116144,No
E1156,34,Unkown,Human Resources,Recruiter,15,91273,No
E0973,42,Male,Human Resources,Recruiter,13,109776,Yes
E0057,29,Unkown,IT,System Admin,32,54065,No
E0358,34,Female,Finance,Accountant,17,148845,No
E0511,27,Male,sales,Sales Executive,0,28956,Unknown
E1124,54,Male,sales,Sales Executive,16,93946,No
E1282,42,Unkown,Operations,Supervisor,9,89209,No
E0011,37,Female,Sales,Sales Manager,30,36658,No
E1329,39,Unkown,Marketing,Marketing Executive,0,41473,No
E0183,36,Unkown,Human Resources,Recruiter,7,129645,No
E1347,33,Female,Operations,Operations Executive,18,158586,No
E0628,59,Female,Human Resources,Recruiter,25,69417,No
E0947,22,Male,R&D,Scientist,7,37613,No
E0138,52,Female,Operations,Operations Executive,3,54548,No
E0866,34,Female,Finance,Accountant,24,52887,No
E0908,22,Male,Finance,Financial Analyst,3,141213,No
E1099,46,Female,Finance,Accountant,0,108537,No
E2567,40,Male,Sales,Sales Executive,1,121490,No
E0701,22,Male,Operations,Operations Executive,27,118089,No
E0718,45,Male,sales,Sales Executive,31,40617,Yes
E1211,54,Unkown,Human Resources,Recruiter,20,157595,No
E1073,54,Male,Human Resources,Recruiter,20,65863,No
E0126,47,Unkown,IT,System Admin,2,153276,No
E2573,43,Female,Finance,Financial Analyst,12,49556,No
E0879,31,Female,Sales,Sales Manager,12,93070,No
E1071,42,Male,Operations,Supervisor,16,143074,Yes
E0257,25,Unkown,Sales,Sales Manager,12,93070,No
E1442,23,Male,R&D,Scientist,10,91686,No
E0840,28,Unkown,Operations,Operations Executive,33,36353,Unknown
E1153,32,Female,Operations,Supervisor,10,116090,No
E0092,35,Male,Finance,Accountant,1,45283,No
E1253,52,Male,sales,Sales Executive,2,154199,Yes
E0017,22,Unkown,IT,Software Engineer,12,98320,No
E1108,55,Female,Marketing,Marketing Executive,25,149064,Yes
E1072,39,Unkown,Human Resources,Recruiter,20,28564,No
E0158,54,Female,Operations,Operations Executive,15,41822,No
E0884,60,Male,Marketing,Marketing Executive,23,157310,No
E0991,45,Unkown,R&D,Research Analyst,27,65747,Yes
E0659,54,Unkown,Operations,Operations Executive,7,119173,No
E0383,41,Female,Human Resources,Recruiter,9,45444,Yes
E2590,38,Female,IT,System Admin,21,142841,Yes
E1351,37,Female,Human Resources,Recruiter,9,33192,Yes
E0091,30,Unkown,Sales,Sales Manager,29,140203,Yes
E0675,26,Male,Finance,Accountant,24,45408,No
E0430,26,Female,Human Resources,Recruiter,21,32383,No
E0103,33,Female,Finance,Financial Analyst,16,91449,Yes
E1079,22,Female,Human Resources,Recruiter,10,134867,N
E1247,22,Male,Marketing,Marketing Executive,24,85424,No
E0458,51,Male,Human Resources,Recruiter,23,91884,Yes
E1013,55,Male,HR,Recruiter,15,73104,No
E0615,59,Male,sales,Sales Executive,33,71480,No
E0914,29,Male,R&D,Scientist,31,69167,Yes
E0485,32,Female,Sales,Sales Manager,7,106157,No
E0044,26,Unkown,Finance,Financial Analyst,16,59294,No
E0423,60,Unkown,Finance,Financial Analyst,15,83959,No
E0594,47,Unkown,HR,Recruiter,5,140316,No
E0039,21,Female,IT,System Admin,34,97012,No
E0589,55,Male,Sales,Sales Manager,11,135141,No
E0810,40,Male,Marketing,SEO Specialist,7,91314,No
E1050,23,Male,HR,HR Executive,8,118642,Yes
E0454,44,Male,Finance,Accountant,16,124555,No
E0818,48,Female,Operations,Operations Executive,6,90866,No
E1290,33,Unkown,Operations,Operations Executive,21,141533,No
E0161,51,Female,Sales,Sales Manager,23,91177,No
E1350,29,Male,Sales,Sales Executive,21,33859,Yes
E1103,45,Female,IT,System Admin,29,46528,No
E0475,36,Unkown,Human Resources,Recruiter,20,84940,No
E0097,52,Unkown,Marketing,SEO Specialist,23,124240,Yes
E0750,47,Unkown,Marketing,Marketing Executive,9,70178,No
E0789,27,Unkown,HR,Recruiter,9,60761,No
E1123,31,Male,Operations,Supervisor,21,106187,No
E0227,35,Male,Human Resources,Recruiter,5,95892,No
E0451,52,Male,Marketing,SEO Specialist,23,49644,N
E0877,23,Male,Finance,Accountant,27,47446,No
E1444,60,Unkown,R&D,Research Analyst,32,115834,No
E0382,33,Male,Finance,Accountant,22,77141,No
E0816,45,Male,R&D,Research Analyst,9,111976,No
E1226,45,Female,Marketing,Marketing Executive,11,58532,No
E1056,21,Male,Operations,Operations Executive,4,70514,No
E0649,25,Male,IT,System Admin,31,83305,No
E0322,28,Male,HR,Recruiter,17,53088,No
E0652,24,Unkown,R&D,Research Analyst,29,148913,Yes
E1475,39,Male,HR,Recruiter,27,75692,No
E0949,39,Unkown,Marketing,SEO Specialist,26,40027,No
E0443,23,Unkown,HR,Recruiter,2,158944,No
E0583,49,Unkown,Human Resources,Recruiter,2,30866,No
E0751,40,Female,sales,Sales Executive,29,56613,Yes
E1209,37,Unkown,Marketing,Marketing Executive,22,56523,No
E1011,51,Female,Human Resources,Recruiter,10,135108,No
E0874,33,Female,Operations,Supervisor,29,95005,Yes
E0714,25,Male,HR,HR Executive,26,64029,No
E0372,30,Female,HR,HR Executive,11,31366,No
E0398,54,Male,Sales,Sales Executive,12,59696,No
E1228,44,Female,Sales,Sales Executive,24,31943,No
E0189,51,Unkown,IT,System Admin,0,31303,No
E0922,30,Female,Human Resources,Recruiter,3,75082,Yes
E1359,40,Unkown,Operations,Operations Executive,12,93939,Yes
E1384,33,Male,Operations,Supervisor,32,122106,No
E1340,45,Female,Marketing,SEO Specialist,9,94833,No
E0123,27,Unkown,R&D,Research Analyst,1,95570,No
E0010,26,Unkown,HR,Recruiter,5,141560,No
E1280,40,Female,Marketing,SEO Specialist,18,93070,No
E0165,44,Male,R&D,Scientist,30,123040,No
E0805,46,Female,Finance,Accountant,5,131796,Yes
E1126,40,Female,HR,HR Executive,20,156400,No
E0232,21,Male,R&D,Scientist,27,79144,No
E0374,45,Female,Sales,Sales Manager,6,74519,Yes
E0572,49,Unkown,Finance,Financial Analyst,27,156738,No
E1349,59,Unkown,sales,Sales Executive,1,136759,Yes
E0727,40,Female,HR,Recruiter,19,37857,No
E0272,34,Female,Marketing,SEO Specialist,16,94623,Yes
E1269,24,Unkown,sales,Sales Executive,18,113897,No
E0240,47,Male,R&D,Scientist,29,51537,No
E0935,23,Female,Operations,Supervisor,18,82895,Yes
E0077,56,Female,Finance,Financial Analyst,33,41297,Yes
E0224,40,Female,Sales,Sales Executive,31,47484,No
E0663,26,Male,sales,Sales Executive,17,51815,Yes
E0643,24,Male,IT,Software Engineer,28,35983,Unknown
E0982,27,Female,sales,Sales Executive,10,114392,No
E0461,34,Female,Human Resources,Recruiter,16,71668,No
E0312,36,Unkown,Human Resources,Recruiter,16,141508,No
E1043,50,Female,Operations,Supervisor,2,132808,No
E0414,29,Male,IT,System Admin,32,97261,Yes
E1030,25,Female,Human Resources,Recruiter,6,62754,Unknown
E1179,33,Female,Human Resources,Recruiter,35,93070,No
E0281,56,Female,Sales,Sales Executive,28,133062,No
E0500,55,Female,Finance,Financial Analyst,25,102260,No
E0329,42,Female,HR,Recruiter,16,37886,Yes
E0001,47,Male,Sales,Sales Executive,17,56232,No
E0573,39,Female,IT,System Admin,18,63868,No
E0933,57,Unkown,Human Resources,Recruiter,17,121146,No
E0610,37,Unkown,Marketing,SEO Specialist,30,150233,No
E0742,22,Female,Operations,Operations Executive,1,127082,No
E1186,21,Male,Finance,Accountant,17,30525,No
E0340,59,Male,Human Resources,Recruiter,11,99333,No
E0494,39,Unkown,Operations,Supervisor,20,30946,No
E0782,50,Male,sales,Sales Executive,3,52216,N
E1121,46,Unkown,sales,Sales Executive,1,33503,No
E0928,59,Male,Marketing,Marketing Executive,0,113330,No
E0056,24,Unkown,Finance,Accountant,31,125635,No
E0351,40,Female,R&D,Scientist,5,141615,No
E0941,44,Female,Marketing,SEO Specialist,13,42229,Yes
E0772,60,Female,Marketing,SEO Specialist,21,116632,Yes
E0040,43,Female,Sales,Sales Executive,20,28861,Yes
E0523,25,Unkown,Human Resources,Recruiter,7,55511,Yes
E1378,60,Male,Finance,Financial Analyst,6,131063,Yes
E0305,40,Female,IT,Software Engineer,30,43742,No
E0216,38,Unkown,HR,HR Executive,32,133825,No
E0539,58,Female,HR,Recruiter,20,91163,N
E1317,52,Male,Sales,Sales Executive,12,82986,No
E1113,57,Female,Marketing,SEO Specialist,30,114857,No
E1494,52,Female,sales,Sales Executive,7,129948,No
E1361,36,Unkown,R&D,Research Analyst,17,93070,Yes
E0269,43,Unkown,Finance,Accountant,1,105155,No
E1063,42,Male,Marketing,Marketing Executive,8,65590,No
E0153,24,Female,Marketing,Marketing Executive,6,60139,No
E0080,28,Unkown,IT,System Admin,6,107337,No
E1330,29,Female,Finance,Financial Analyst,23,40894,No
E0845,41,Unkown,Operations,Operations Executive,28,44849,No
E0346,49,Female,Finance,Financial Analyst,10,147231,No
E0175,52,Unkown,Human Resources,Recruiter,19,29553,No
E1420,26,Male,Human Resources,Recruiter,0,143970,Yes
E1304,41,Male,Sales,Sales Executive,28,67672,Yes
E0025,35,Unkown,Operations,Operations Executive,2,149479,No
E0162,24,Female,Operations,Supervisor,1,100931,No
E1297,53,Male,Marketing,Marketing Executive,21,94416,No
E0695,36,Unkown,Sales,Sales Manager,19,127744,No
E0120,23,Unkown,sales,Sales Executive,23,104866,No
E1083,36,Unkown,sales,Sales Executive,5,66373,No
E0263,57,Female,Operations,Operations Executive,32,28843,No
E0571,47,Unkown,Finance,Accountant,26,54821,No
E1266,29,Male,Sales,Sales Executive,31,143290,Yes
E1193,28,Unkown,Human Resources,Recruiter,23,29194,No
E0082,40,Male,IT,System Admin,32,107296,N
E1257,42,Female,Operations,Supervisor,14,48821,No
E1353,25,Unkown,R&D,Scientist,21,99339,No
E1246,31,Female,Finance,Accountant,5,50126,No
E1464,54,Unkown,Sales,Sales Manager,10,85139,Yes
E0411,44,Female,Finance,Financial Analyst,22,59173,No
E0114,22,Unkown,Human Resources,Recruiter,33,56189,No
E1286,32,Male,R&D,Scientist,5,118045,No
E0436,54,Unkown,HR,Recruiter,18,93070,No
E0084,43,Unkown,sales,Sales Executive,23,60616,No
E0093,33,Female,Operations,Supervisor,33,83976,Unknown
E0302,48,Male,Finance,Financial Analyst,6,112859,No
E0020,50,Female,Sales,Sales Executive,23,138300,No
E0186,40,Male,sales,Sales Executive,20,64510,No
E0228,55,Unkown,IT,System Admin,19,93070,No
E1234,39,Male,HR,HR Executive,18,93070,No
E0334,52,Male,Finance,Financial Analyst,1,93228,No
E1256,55,Male,Human Resources,Recruiter,22,85778,No
E0509,23,Unkown,Operations,Operations Executive,2,70295,No
E0315,36,Female,Sales,Sales Executive,34,148097,No
E0791,40,Male,IT,System Admin,6,108317,No
E1385,35,Male,Sales,Sales Manager,30,39785,No
E0552,48,Unkown,IT,System Admin,4,69232,Unknown
E0672,21,Unkown,Operations,Supervisor,18,48645,No
E1263,35,Male,IT,System Admin,23,98419,No
E1162,59,Unkown,Operations,Supervisor,19,29743,No
E1335,35,Male,HR,Recruiter,18,57831,No
E1205,51,Female,Finance,Financial Analyst,1,46262,No
E0341,24,Unkown,sales,Sales Executive,28,110067,No
E1086,50,Male,IT,System Admin,12,70505,No
E0308,37,Male,Sales,Sales Manager,35,109392,Unknown
E0923,43,Unkown,R&D,Scientist,7,93070,No
E1183,33,Unkown,Human Resources,Recruiter,7,156401,Yes
E0018,51,Female,Human Resources,Recruiter,31,132426,No
E0068,42,Male,Operations,Supervisor,11,93070,No
E1325,40,Unkown,Human Resources,Recruiter,19,37286,No
E1300,35,Female,HR,Recruiter,35,44326,No
E0722,56,Female,R&D,Scientist,17,59432,No
E0113,36,Unkown,sales,Sales Executive,28,131579,No
E1383,39,Female,Operations,Supervisor,12,77738,No
E0726,50,Unkown,Marketing,SEO Specialist,21,70976,No
E0517,53,Unkown,sales,Sales Executive,3,69618,Unknown
E1463,22,Female,IT,System Admin,21,108930,No
E1127,48,Male,HR,HR Executive,27,106736,No
E0416,41,Male,Finance,Financial Analyst,30,34830,No
E0264,57,Male,HR,HR Executive,17,93070,No
E1392,45,Unkown,Finance,Financial Analyst,6,119072,No
E0847,33,Male,R&D,Research Analyst,19,96999,No
E0292,60,Female,R&D,Scientist,6,144665,No
E1288,35,Female,sales,Sales Executive,4,69535,No
E0252,23,Male,R&D,Scientist,27,74157,No
E0606,48,Male,Marketing,SEO Specialist,3,70473,No
E1354,54,Unkown,IT,Software Engineer,18,139885,Unknown
E1026,31,Male,R&D,Research Analyst,19,52392,No
E0381,47,Unkown,HR,HR Executive,30,40413,No
E1321,48,Unkown,Sales,Sales Executive,26,40979,No
E0968,35,Male,Human Resources,Recruiter,15,137129,No
E0368,44,Male,R&D,Research Analyst,31,102047,No
E0403,24,Female,R&D,Research Analyst,7,41222,No
E0679,35,Female,Marketing,Marketing Executive,4,152475,No
E1365,37,Female,sales,Sales Executive,18,56138,Yes
E1027,39,Male,Finance,Financial Analyst,18,74293,Yes
E2785,28,Male,IT,System Admin,17,119857,No
E0900,40,Male,Finance,Financial Analyst,13,83457,No
E0536,55,Unkown,IT,Software Engineer,35,103460,No
E0952,52,Unkown,Human Resources,Recruiter,9,38959,No
E0980,28,Unkown,Finance,Accountant,26,152858,No
E0497,44,Unkown,R&D,Scientist,35,89213,No
E1379,27,Female,sales,Sales Executive,26,58737,No
E0460,22,Unkown,Sales,Sales Manager,34,95370,No
E1309,30,Female,R&D,Scientist,19,37067,No
E0212,40,Unkown,Marketing,Marketing Executive,19,113133,Yes
E0938,26,Female,Marketing,SEO Specialist,10,29845,No
E0174,48,Unkown,sales,Sales Executive,23,142289,No
E1312,51,Female,sales,Sales Executive,35,131375,No
E0193,46,Male,R&D,Research Analyst,17,76649,No
E0143,25,Unkown,Marketing,SEO Specialist,34,93070,Yes
E1217,47,Female,sales,Sales Executive,1,115682,No
E0230,45,Unkown,Marketing,SEO Specialist,1,45904,No
E0570,23,Unkown,sales,Sales Executive,2,126575,No
E0759,46,Male,Operations,Supervisor,4,62208,No
E1242,34,Unkown,sales,Sales Executive,17,93070,No
E0598,57,Female,HR,Recruiter,9,154430,No
E0762,47,Unkown,Finance,Financial Analyst,2,99642,No
E0155,56,Male,Operations,Operations Executive,17,125809,No
E0885,28,Female,Sales,Sales Executive,3,147787,No
E1206,56,Male,Operations,Operations Executive,4,155418,No
E1019,46,Unkown,Human Resources,Recruiter,14,112981,No
E0075,60,Female,Finance,Financial Analyst,14,79428,Yes
E0809,35,Unkown,Finance,Accountant,9,143344,Unknown
E0415,42,Female,HR,Recruiter,16,93070,No
E1231,59,Female,sales,Sales Executive,34,156501,No
E2815,59,Male,HR,Recruiter,21,125561,No
E0641,54,Female,Human Resources,Recruiter,13,132347,No
E0234,27,Male,Sales,Sales Executive,25,34354,No
E0021,24,Male,R&D,Research Analyst,26,126391,Yes
E1403,51,Female,IT,Software Engineer,30,130156,No
E0030,25,Female,IT,System Admin,25,93070,No
E0804,33,Male,Marketing,Marketing Executive,23,117694,No
E0883,57,Male,HR,HR Executive,5,118324,No
E1055,57,Male,sales,Sales Executive,20,77909,No
E0291,40,Unkown,Operations,Operations Executive,21,136456,No
E0915,23,Male,HR,HR Executive,10,47158,No
E1277,38,Unkown,R&D,Scientist,23,50490,No
E1094,34,Female,Sales,Sales Manager,20,99074,No
E1112,59,Unkown,Finance,Financial Analyst,1,130790,No
E0115,38,Male,HR,HR Executive,8,92981,No
E1116,46,Male,Sales,Sales Executive,26,138127,No
E0466,28,Male,sales,Sales Executive,35,93070,No
E0890,42,Male,sales,Sales Executive,6,98595,No
E0168,37,Unkown,Operations,Supervisor,35,120854,Yes
E0408,22,Male,sales,Sales Executive,30,123564,No
E0321,43,Unkown,HR,Recruiter,21,73327,Yes
E1461,40,Male,HR,HR Executive,27,154625,No
E0898,60,Female,Sales,Sales Executive,0,122086,No
E1102,36,Unkown,sales,Sales Executive,25,108622,Yes
E0705,46,Female,Operations,Operations Executive,6,48073,No
E0921,34,Male,sales,Sales Executive,21,37067,Yes
E0567,45,Unkown,Marketing,SEO Specialist,12,88320,No
E0599,27,Unkown,Marketing,Marketing Executive,5,155644,No
E0258,37,Female,IT,System Admin,13,127614,No
E0256,39,Female,Sales,Sales Manager,13,144444,Yes
E0728,27,Male,Human Resources,Recruiter,21,55231,No
E0706,40,Unkown,Sales,Sales Executive,17,120955,No
E0988,25,Female,HR,HR Executive,35,74000,No
E0498,36,Female,Sales,Sales Manager,15,102405,Unknown
E0899,26,Male,sales,Sales Executive,31,104736,No
E0131,44,Male,IT,System Admin,17,70526,No
E0101,32,Male,R&D,Research Analyst,27,73808,No
E0172,51,Male,Operations,Operations Executive,6,106817,N
E0492,56,Female,R&D,Scientist,12,131879,No
E1455,46,Female,R&D,Research Analyst,31,125776,Yes
E0111,50,Unkown,Marketing,SEO Specialist,21,60197,No
E1225,46,Unkown,Finance,Accountant,18,152750,No
E1021,59,Male,sales,Sales Executive,31,111964,No
E1227,22,Female,Operations,Operations Executive,32,49520,No
E0713,53,Female,Finance,Financial Analyst,31,110814,Yes
E0828,38,Female,Sales,Sales Manager,16,108308,No
E1020,42,Female,Human Resources,Recruiter,15,155743,No
E1161,48,Female,IT,System Admin,18,55536,Yes
E0961,60,Unkown,Operations,Supervisor,19,77575,No
E0660,29,Unkown,Human Resources,Recruiter,1,121263,No
E0271,31,Female,Operations,Supervisor,28,54301,Yes
E0064,25,Unkown,Human Resources,Recruiter,22,81956,Yes
E0394,52,Unkown,R&D,Research Analyst,30,93768,No
E1095,42,Unkown,sales,Sales Executive,30,147741,Unknown
E0893,40,Female,Finance,Accountant,2,125741,No
E1296,21,Male,Human Resources,Recruiter,21,129961,Unknown
E2871,59,Female,Sales,Sales Manager,22,133057,No
E0779,31,Male,Human Resources,Recruiter,11,128629,No
E1185,42,Unkown,IT,System Admin,5,76660,No
E1301,24,Female,Finance,Accountant,21,115895,No
E0170,52,Unkown,sales,Sales Executive,7,145032,No
E0037,43,Male,Finance,Accountant,28,82093,No
E0244,40,Unkown,Operations,Operations Executive,29,101182,Yes
E0083,49,Male,Human Resources,Recruiter,1,65073,No
E1285,23,Unkown,HR,HR Executive,13,62154,No
E0946,22,Male,R&D,Research Analyst,8,76347,No
E0861,26,Unkown,IT,Software Engineer,23,47221,No
E0373,33,Unkown,Human Resources,Recruiter,17,49651,No
E1047,28,Male,HR,HR Executive,33,144254,Unknown
E1362,38,Female,Finance,Financial Analyst,2,120349,No
E1333,50,Female,R&D,Research Analyst,26,134870,Yes
E1171,45,Female,Operations,Operations Executive,13,79871,No
E0752,59,Male,IT,Software Engineer,26,92176,No
E0508,26,Male,Finance,Financial Analyst,25,76307,No
E1245,54,Male,R&D,Research Analyst,5,62115,No
E1038,43,Male,HR,Recruiter,22,138477,Yes
E1235,53,Unkown,Human Resources,Recruiter,2,88028,Yes
E0585,57,Unkown,Human Resources,Recruiter,6,114452,Yes
E2893,39,Unkown,Marketing,SEO Specialist,24,77825,No
E0178,25,Unkown,sales,Sales Executive,4,89174,Y
E0277,45,Unkown,sales,Sales Executive,31,113865,No
E0880,39,Unkown,Marketing,Marketing Executive,30,129763,Unknown
E0548,60,Male,HR,Recruiter,31,158257,No
E0720,60,Female,sales,Sales Executive,11,103644,No
E0477,31,Unkown,Human Resources,Recruiter,12,64621,No
E0226,33,Female,HR,HR Executive,28,80932,Yes
E0633,28,Unkown,Finance,Accountant,24,35429,No
E0217,47,Female,Sales,Sales Executive,24,156231,No
E1054,52,Unkown,Sales,Sales Executive,12,74499,No
E0838,22,Male,Operations,Operations Executive,10,103648,No
E0181,48,Female,R&D,Research Analyst,9,142003,No
E0919,53,Male,Marketing,Marketing Executive,29,50081,No
E0746,52,Unkown,HR,Recruiter,2,76155,Yes
E0902,55,Female,Sales,Sales Executive,34,129923,No
E1445,56,Male,Human Resources,Recruiter,35,87099,No
E0678,55,Unkown,R&D,Scientist,32,73508,No
E0639,51,Female,Human Resources,Recruiter,30,148517,No
E0045,21,Male,sales,Sales Executive,5,57686,No
E0265,42,Male,Human Resources,Recruiter,6,93070,No
E1089,31,Male,sales,Sales Executive,7,37609,No
E1465,35,Female,R&D,Scientist,22,35467,No
E1239,54,Female,Human Resources,Recruiter,14,38507,No
E1479,35,Unkown,Finance,Accountant,5,108143,No
E0897,56,Unkown,sales,Sales Executive,24,50397,No
E0851,56,Female,R&D,Research Analyst,10,155043,No
E0095,24,Unkown,HR,Recruiter,1,124978,Yes
E0176,58,Unkown,Operations,Operations Executive,16,37707,Yes
E0399,32,Unkown,Operations,Operations Executive,8,67736,Yes
E1197,44,Male,HR,Recruiter,18,67352,No
E0333,22,Unkown,HR,HR Executive,25,84457,No
E1057,40,Unkown,sales,Sales Executive,8,142455,No
E0032,35,Male,sales,Sales Executive,32,141928,Yes
E0745,33,Male,sales,Sales Executive,0,128227,No
E1260,40,Unkown,sales,Sales Executive,30,40609,No
E0375,59,Male,Finance,Accountant,24,41644,Yes
E1422,49,Unkown,Sales,Sales Executive,8,136433,No
E0409,50,Male,Human Resources,Recruiter,0,58116,No
E0686,48,Male,sales,Sales Executive,0,75396,No
E0419,29,Male,Finance,Accountant,35,100688,No
E1414,56,Unkown,R&D,Scientist,2,137191,No
E0145,26,Male,Human Resources,Recruiter,18,42302,No
E0266,42,Female,HR,HR Executive,34,104496,No
E2937,29,Unkown,Human Resources,Recruiter,23,85062,No
E0015,22,Unkown,Marketing,SEO Specialist,10,113159,Yes
E1119,24,Unkown,Finance,Financial Analyst,27,157686,Yes
E0529,46,Female,Marketing,SEO Specialist,28,90195,Unknown
E0392,58,Male,sales,Sales Executive,25,156109,No
E0854,55,Male,Operations,Operations Executive,10,76877,No
E0730,24,Unkown,Finance,Accountant,26,121869,No
E0802,22,Female,R&D,Research Analyst,20,62476,No
E0079,40,Unkown,Finance,Accountant,28,66340,No
E0604,22,Male,Operations,Operations Executive,28,28677,No
E0388,33,Female,Finance,Financial Analyst,12,75869,Yes
E0184,52,Unkown,sales,Sales Executive,17,87084,No
E1405,49,Male,sales,Sales Executive,0,96319,No
E0836,21,Unkown,IT,Software Engineer,9,103670,No
E0191,36,Male,R&D,Research Analyst,26,65463,No
E0365,47,Unkown,R&D,Scientist,30,150353,No
E0869,22,Male,Finance,Accountant,6,87322,Yes
E1160,50,Unkown,Finance,Financial Analyst,22,86387,No
E0246,44,Female,IT,Software Engineer,18,66144,Yes
E0882,45,Unkown,Sales,Sales Manager,16,73589,No
E0275,59,Male,HR,Recruiter,16,66605,No
E0148,47,Unkown,Sales,Sales Manager,24,146130,No
E1130,58,Female,Human Resources,Recruiter,6,98068,No
E0295,56,Male,Human Resources,Recruiter,32,53724,Yes
E0325,47,Unkown,R&D,Research Analyst,1,80476,No
E0771,22,Male,HR,HR Executive,18,119518,Yes
E0800,45,Female,IT,Software Engineer,24,86989,No
E0540,59,Female,Operations,Supervisor,35,144906,No
E0677,21,Male,Sales,Sales Executive,28,81364,No
E1135,41,Male,Finance,Accountant,7,99591,No
E0901,47,Female,Human Resources,Recruiter,0,75351,No
E0769,25,Male,Human Resources,Recruiter,20,117151,Yes
E0006,37,Unkown,HR,Recruiter,10,115792,Yes
E0975,21,Female,Operations,Operations Executive,10,29865,No
E1169,41,Female,Operations,Operations Executive,28,158194,Yes
E0104,31,Female,Operations,Operations Executive,31,153508,No
E0211,53,Male,HR,HR Executive,35,90524,Yes
E1471,37,Unkown,Operations,Supervisor,2,46579,No
E0042,56,Unkown,Marketing,Marketing Executive,34,70822,Yes
,,,,,,93070,Unknown
,,,,,,93070,Unknown
,,,,,,93070,Unknown
,,,,,,93070,Unknown
,,,,,,93070,Unknown
,,,,,,93070,Unknown
,,,,,,93070,Unknown
,,,,,,93070,Unknown
,,,,,,93070,Unknown
,,,,,,93070,Unknown
,,,,,,93070,Unknown
,,,,,,93070,Unknown
,,,,,,93070,Unknown
,,,,,,93070,Unknown
,,,,,,93070,Unknown
,,,,,,93070,Unknown
,,,,,,93070,Unknown
,,,,,,93070,Unknown
,,,,,,93070,Unknown
,,,,,,93070,Unknown
,,,,,,93070,Unknown
,,,,,,93070,Unknown
,,,,,,93070,Unknown
,,,,,,93070,Unknown
,,,,,,93070,Unknown
